Full Name,Department,Job Title,Hiring day
Storm Natasha Viktorovna,NASA,Private Investigator,26/10/2017
Gale Tony Romanovna,Fantastic Four,IT Specialist,14/07/2018
Parker Clark Vsevolodovna,Central City Police Department,Agent,12/04/2020
Rand Ben Leonidovna,Stark Industries,Private Investigator,09/02/2022
Murdock Peggy Maryevna,Stark Industries,Reporter,18/06/2023
Kent Ben Dariaevna,Oscorp Industries,Air Force Pilot,25/07/2023
Rogers Kate Dariaevna,Queen Industries,Model,05/11/2016
Rand Matt Timofeyevna,Fantastic Four,Photographer,29/03/2022
White Norman Vladislavovna,Wayne Enterprises,CEO,16/02/2021
Allen Tony Fedorovna,Oscorp Industries,Soldier,02/12/2016
Osborn Tony Valeryevna,Palmer Technologies,Agent,29/08/2022
Jones Wanda Vladimirovna,Stark Industries,Soldier,31/07/2022
Romanoff Wanda Viktorovna,Stark Industries,Scientist,12/10/2018
Smoak Wade Dmitrievna,Daily Planet,CEO,25/06/2024
Rand Lois Maryevna,NASA,Photographer,02/10/2018
Parker Natasha Borisovna,SSR,Lawyer,25/10/2022
Allen Mary Sidorovna,Wayne Enterprises,Soldier,29/05/2024
Wayne David Katerinaevna,League of Assassins,Air Force Pilot,13/01/2023
Todd Peggy Timofeyevna,Stark Industries,Scientist,21/11/2022
Bishop Natasha Romanovna,Alias Investigations,Journalist,04/10/2018
Wayne Walter Valeryevna,Queen Industries,Soldier,27/07/2018
Danvers Steve Ivanovna,S.H.I.E.L.D.,CEO,02/09/2022
Wilson Felicity Yevgenievna,Wayne Enterprises,Lawyer,20/02/2019
Gale Lois Elenaevna,S.H.I.E.L.D.,CEO,19/03/2020
Osborn Peter Dariaevna,CatCo Worldwide Media,Lawyer,20/08/2020
Lane Walter Elenaevna,Army,Archer,12/12/2018
Osborn Natasha Annaevna,Army,Agent,23/08/2019
Watson David Alexandrovna,Army,Spy,23/05/2021
Danvers Jason Yurievna,Queen Industries,Private Investigator,25/01/2022
Cain Oliver Annaevna,Daily Planet,CEO,26/12/2023
Watson Wade Timofeyevna,Army,Private Investigator,24/11/2016
Romanoff Steve Dmitrievna,Queen Industries,Archer,14/04/2020
Allen Mary Irinaevna,CatCo Worldwide Media,Air Force Pilot,17/09/2018
Maximoff Susan Sidorovna,Gamma Research,Private Investigator,03/09/2016
Jones Walter Olegovna,Gamma Research,Journalist,24/09/2018
Murdock Wade Alexandrovna,SSR,Archer,10/06/2018
Rand Peggy Igorevna,Fantastic Four,Private Investigator,07/02/2024
Cho Peggy Viktorovna,Oscorp Industries,Soldier,06/11/2017
Gale Norman Alexandrovna,SSR,Journalist,19/11/2022
Cain Rey Alexandrovna,NASA,CEO,24/03/2022
Kent Jessica Viktorovna,Oscorp Industries,Model,05/10/2018
Allen Barry Yurievna,Wayne Enterprises,Private Investigator,02/12/2019
Lane Carol Borisovna,Queen Industries,IT Specialist,13/02/2021
Danvers Bruce Artemovna,Palmer Technologies,Air Force Pilot,18/03/2019
Queen David Nikolaevna,CatCo Worldwide Media,Soldier,19/11/2019
Cho Mary Alexandrovna,Oscorp Industries,Agent,01/01/2023
Reilly Susan Elenaevna,League of Assassins,Lawyer,14/06/2021
Queen Kate Olgaevna,S.H.I.E.L.D.,CEO,06/01/2023
Lane Tony Stanislavovna,Army,Reporter,23/11/2023
Lane Wade Irinaevna,Rand Enterprises,CEO,23/08/2018
Carter Rey Igorevna,Central City Police Department,CEO,11/09/2016
Parker Barry Olgaevna,Central City Police Department,Photographer,06/04/2019
Gale Carol Vladimirovna,Oscorp Industries,Private Investigator,06/11/2020
Zor-El Wanda Nataliaevna,Army,IT Specialist,11/08/2019
Lane Norman Gennadievna,NASA,CEO,11/04/2024
White Peggy Sidorovna,Alias Investigations,IT Specialist,17/04/2017
Romanoff Jessica Sergeevna,CatCo Worldwide Media,Lawyer,10/09/2021
Kent Wanda Vladislavovna,Gamma Research,Soldier,28/06/2022
Bishop Matt Stanislavovna,Central City Police Department,Scientist,23/09/2017
Smoak Kara Sidorovna,Stark Industries,Private Investigator,18/09/2023
Stark Mary Stanislavovna,Alias Investigations,Private Investigator,29/11/2021
Watson Mary Nataliaevna,Oscorp Industries,Air Force Pilot,11/04/2020
Kent Ben Alexandrovna,Oscorp Industries,Journalist,19/09/2023
Kent Kara Maryevna,Rand Enterprises,Journalist,21/06/2023
Palpatine Daniel Fedorovna,NASA,Lawyer,05/04/2018
Gale Felicity Yurievna,S.H.I.E.L.D.,Model,10/11/2020
Zor-El Lois Katerinaevna,Army,Reporter,25/08/2020
Storm Carol Vladislavovna,Alias Investigations,Archer,05/03/2023
Osborn Jason Vasilievna,S.H.I.E.L.D.,Model,11/03/2023
Maximoff Jessica Maryevna,Gamma Research,Photographer,13/01/2021
Stark Steve Viktorovna,Daily Planet,Soldier,11/11/2016
Kent David Romanovna,Stark Industries,Air Force Pilot,06/03/2021
Kent Kara Vladislavovna,Army,Soldier,09/02/2018
Murdock Jason Yevgenievna,Oscorp Industries,Private Investigator,30/04/2022
Cho Felicity Veniaminovna,Fantastic Four,Spy,18/12/2017
Danvers Steve Maryevna,CatCo Worldwide Media,Lawyer,07/07/2023
Rogers Clark Romanovna,Rand Enterprises,CEO,23/02/2022
Carter Matt Valeryevna,NASA,CEO,06/10/2018
Danvers Kara Vladimirovna,Palmer Technologies,Journalist,14/02/2020
Queen Clark Yurievna,Daily Planet,Agent,13/07/2020
Maximoff Natasha Olegovna,Fantastic Four,Reporter,20/08/2019
Cain Steve Nikolaevna,Army,Scientist,24/07/2019
Maximoff Barry Igorevna,Fantastic Four,Lawyer,08/08/2020
Reilly Daniel Alexandrovna,Oscorp Industries,IT Specialist,06/02/2018
Wayne Wade Veniaminovna,Central City Police Department,Reporter,02/04/2024
Wilson Tony Elenaevna,Palmer Technologies,IT Specialist,07/11/2023
Wayne Jessica Tatianaevna,League of Assassins,Journalist,13/12/2018
Parker Natasha Petrovna,S.H.I.E.L.D.,CEO,05/05/2022
Stark Mary Vladimirovna,Queen Industries,IT Specialist,01/02/2021
Jones Lois Tatianaevna,CatCo Worldwide Media,CEO,01/05/2018
Queen Norman Alexandrovna,Stark Industries,Archer,16/11/2016
Rogers Norman Yakovlevna,NASA,Archer,28/10/2017
Allen Bruce Borisovna,Daily Planet,Lawyer,10/07/2023
Allen Lois Igorevna,League of Assassins,Soldier,01/01/2021
Lane Steve Gennadievna,Daily Planet,CEO,06/10/2022
Romanoff Mary Elenaevna,Rand Enterprises,Scientist,01/10/2018
Carter Walter Fedorovna,Alias Investigations,Scientist,02/09/2022
Kent Rey Olgaevna,Oscorp Industries,CEO,14/08/2023
Osborn Norman Artemovna,Wayne Enterprises,Model,27/03/2021
Allen Wanda Sidorovna,Oscorp Industries,Lawyer,26/09/2019
Cho David Yurievna,Palmer Technologies,Photographer,03/12/2022
Jones Wade Yurievna,Fantastic Four,Soldier,10/06/2023
Wayne Jason Valeryevna,Wayne Enterprises,Model,29/01/2023
Lane Matt Olgaevna,Army,Air Force Pilot,14/04/2022
Watson Jason Petrovna,Stark Industries,Journalist,24/05/2021
Osborn Felicity Dariaevna,Rand Enterprises,Soldier,30/03/2017
Gale Jessica Valeryevna,NASA,Reporter,29/08/2023
Smoak Walter Romanovna,Alias Investigations,Reporter,11/06/2024
Maximoff Tony Tatianaevna,Army,Soldier,06/07/2018
Cain Steve Veniaminovna,Stark Industries,Journalist,15/08/2020
Wilson Bruce Dariaevna,S.H.I.E.L.D.,Soldier,11/05/2018
Parker Lois Nikolaevna,Central City Police Department,Reporter,15/09/2021
White Walter Nataliaevna,Palmer Technologies,Model,14/10/2022
Cain Walter Petrovna,League of Assassins,Scientist,25/01/2022
Rand Felicity Tatianaevna,CatCo Worldwide Media,Archer,16/11/2018
Reilly Ben Irinaevna,Daily Planet,Private Investigator,17/08/2020
Reilly Susan Maryevna,Central City Police Department,Archer,01/12/2016
Queen Clark Maryevna,League of Assassins,Reporter,26/07/2019
Queen Bruce Elenaevna,Alias Investigations,Air Force Pilot,04/12/2020
Wilson Carol Annaevna,Palmer Technologies,Air Force Pilot,03/05/2023
Palpatine Ben Yurievna,Fantastic Four,IT Specialist,10/02/2022
White Barry Alexandrovna,Stark Industries,Private Investigator,12/03/2021
Parker Bruce Ivanovna,League of Assassins,Scientist,15/12/2021
Todd Tony Nataliaevna,Rand Enterprises,Air Force Pilot,27/04/2024
Rogers Peggy Borisovna,Army,Scientist,11/10/2020
Jones Walter Viktorovna,Stark Industries,Soldier,01/05/2021
Rand Barry Mikhailovna,Oscorp Industries,Model,11/11/2023
Smoak Walter Dmitrievna,Rand Enterprises,Scientist,04/11/2022
Parker Ben Gennadievna,Central City Police Department,CEO,10/05/2019
Gale Lois Fedorovna,Palmer Technologies,Private Investigator,14/09/2017
Parker Rey Svetlanaevna,Gamma Research,CEO,31/03/2021
Osborn Matt Ivanovna,Fantastic Four,Model,23/09/2021
Wilson Bruce Timofeyevna,League of Assassins,Soldier,25/04/2022
Romanoff David Vsevolodovna,NASA,Spy,03/04/2019
Wilson Natasha Nataliaevna,Gamma Research,Private Investigator,05/02/2020
Storm Wade Nikolaevna,SSR,Soldier,11/05/2019
Zor-El Natasha Borisovna,Palmer Technologies,Scientist,13/07/2019
Carter Lois Ivanovna,Queen Industries,Soldier,05/08/2022
Murdock Dorothy Artemovna,Fantastic Four,Lawyer,11/07/2017
Bishop Oliver Nataliaevna,Alias Investigations,Scientist,08/05/2019
Reilly Daniel Ivanovna,League of Assassins,Scientist,22/08/2021
Rand Matt Fedorovna,Central City Police Department,IT Specialist,04/10/2018
Todd Natasha Sergeevna,League of Assassins,IT Specialist,25/03/2019
Zor-El Felicity Gennadievna,Fantastic Four,Soldier,06/08/2022
Palpatine Rey Fedorovna,League of Assassins,Air Force Pilot,11/02/2024
Gale Lois Andreevna,Central City Police Department,Photographer,14/10/2018
Rogers Bruce Vladimirovna,SSR,Photographer,21/03/2020
Kent Daniel Mikhailovna,Alias Investigations,CEO,19/07/2021
Jones Grace Maryevna,Rand Enterprises,Journalist,19/10/2017
Murdock Bruce Elenaevna,Queen Industries,Model,21/07/2024
Bishop Clark Fedorovna,Oscorp Industries,Soldier,12/04/2020
Osborn Rey Olegovna,SSR,Model,27/01/2023
Lane Carol Nataliaevna,Alias Investigations,Reporter,25/12/2021
Romanoff Carol Gennadievna,Queen Industries,Private Investigator,12/01/2019
Todd Norman Elenaevna,CatCo Worldwide Media,Model,13/08/2016
Palpatine Rey Yurievna,S.H.I.E.L.D.,Agent,07/12/2018
Maximoff Clark Nataliaevna,Gamma Research,Reporter,20/12/2019
White Lois Nikolayevna,Daily Planet,Journalist,07/04/2021
Rand Wanda Leonidovna,Wayne Enterprises,Model,28/02/2021
Rand Susan Timofeyevna,NASA,CEO,27/05/2020
Reilly Lois Sergeevna,Palmer Technologies,CEO,23/01/2024
Lane Bruce Viktorovna,Army,Photographer,01/05/2019
Wilson Matt Vladislavovna,Queen Industries,Journalist,19/03/2018
Queen Kara Svetlanaevna,Alias Investigations,Agent,31/12/2018
Jones Daniel Olgaevna,SSR,Spy,14/08/2016
Watson Susan Fedorovna,Alias Investigations,Reporter,03/05/2021
Romanoff Felicity Andreevna,Wayne Enterprises,Agent,06/01/2020
Gale Steve Svetlanaevna,Stark Industries,Soldier,14/12/2019
Rand Bruce Katerinaevna,Fantastic Four,Private Investigator,27/05/2019
Allen Oliver Romanovna,SSR,Scientist,03/03/2024
Lane Daniel Vasilievna,Army,Private Investigator,05/09/2020
Wayne Lois Svetlanaevna,CatCo Worldwide Media,Spy,22/01/2022
Kent Peter Gennadievna,Alias Investigations,Air Force Pilot,18/09/2019
Todd Jessica Irinaevna,Rand Enterprises,Reporter,13/08/2016
Zor-El Peter Veniaminovna,Gamma Research,IT Specialist,18/01/2018
Cain Jason Nikolaevna,Rand Enterprises,Model,09/06/2018
Queen Tony Maryevna,Daily Planet,Model,24/05/2022
Parker Bruce Elenaevna,Stark Industries,Journalist,12/06/2018
Bishop Mary Vladimirovna,SSR,IT Specialist,27/07/2019
Maximoff Norman Vsevolodovna,Stark Industries,Journalist,22/10/2020
Danvers Lois Olgaevna,SSR,IT Specialist,30/01/2024
Todd David Vladimirovna,Palmer Technologies,Scientist,21/10/2017
Storm Jason Yakovlevna,Fantastic Four,Spy,12/07/2021
Rogers Norman Olgaevna,Alias Investigations,Reporter,17/01/2022
Todd Jason Nataliaevna,NASA,Agent,05/02/2022
Jones Susan Vsevolodovna,Palmer Technologies,Reporter,27/08/2018
Jones Kara Stanislavovna,Rand Enterprises,Soldier,01/04/2022
Reilly Mary Leonidovna,Oscorp Industries,Soldier,06/05/2024
Zor-El Jessica Viktorovna,League of Assassins,Journalist,14/11/2023
Maximoff Barry Vasilievna,S.H.I.E.L.D.,Agent,21/06/2018
Gale Felicity Ivanovna,S.H.I.E.L.D.,Photographer,06/05/2020
Parker Kara Leonidovna,NASA,Scientist,03/01/2018
Allen Susan Olegovna,Gamma Research,Photographer,15/04/2022
Bishop Susan Andreevna,S.H.I.E.L.D.,Soldier,10/03/2019
Palpatine Jessica Maryevna,Queen Industries,Journalist,28/03/2020
Murdock Jason Olegovna,Palmer Technologies,Reporter,04/05/2023
Smoak Lois Borisovna,Army,Journalist,27/01/2024
White Ben Elenaevna,Stark Industries,Reporter,05/12/2021
Carter Dorothy Petrovna,Gamma Research,Photographer,30/04/2020
Smoak Peter Leonidovna,Rand Enterprises,Photographer,19/09/2022
Kent Wade Nikolaevna,Oscorp Industries,Private Investigator,13/05/2018
Rogers Ben Ivanovna,Oscorp Industries,CEO,30/08/2022
Wayne Susan Romanovna,CatCo Worldwide Media,Soldier,16/03/2022
Jones David Elenaevna,League of Assassins,CEO,08/04/2020
Stark Kara Nikolayevna,NASA,Photographer,06/12/2020
Gale Tony Artemovna,Gamma Research,Lawyer,23/12/2016
Rogers Tony Vsevolodovna,Central City Police Department,IT Specialist,05/03/2024
Zor-El Grace Dariaevna,League of Assassins,Lawyer,10/04/2018
Storm Tony Nikolayevna,NASA,Soldier,22/09/2020
Smoak David Borisovna,Gamma Research,Reporter,26/07/2021
Rogers Natasha Vasilievna,Rand Enterprises,Journalist,27/03/2024
Carter Peter Dmitrievna,Central City Police Department,Spy,30/05/2019
Romanoff Peggy Artemovna,Alias Investigations,Private Investigator,12/03/2023
Murdock Susan Ivanovna,Queen Industries,Photographer,22/10/2017
Smoak Jason Olgaevna,SSR,Scientist,16/07/2019
Gale Daniel Leonidovna,Palmer Technologies,Private Investigator,08/01/2018
Rogers Matt Irinaevna,NASA,Lawyer,15/10/2019
Queen Peter Yurievna,Palmer Technologies,Lawyer,18/12/2020
Cain Tony Maryevna,CatCo Worldwide Media,Lawyer,27/10/2016
Murdock Grace Maryevna,Queen Industries,Soldier,02/08/2021
Stark Susan Katerinaevna,Rand Enterprises,Private Investigator,28/02/2019
Maximoff Kate Fedorovna,SSR,Photographer,03/03/2019
Queen Carol Yevgenievna,Stark Industries,Soldier,10/11/2018
Bishop Peter Fedorovna,Palmer Technologies,Air Force Pilot,14/11/2017
Zor-El Tony Sidorovna,Wayne Enterprises,Air Force Pilot,15/01/2024
Stark Susan Olegovna,Wayne Enterprises,Model,28/11/2019
Cain Wanda Elenaevna,Gamma Research,Model,27/06/2022
Palpatine Felicity Valeryevna,Daily Planet,Model,18/01/2021
Murdock Grace Fedorovna,Stark Industries,Private Investigator,06/02/2018
Cain Grace Olgaevna,Alias Investigations,Scientist,23/11/2016
Wilson Natasha Veniaminovna,Central City Police Department,Soldier,30/10/2018
Reilly Jason Nikolayevna,CatCo Worldwide Media,Model,22/07/2017
Watson Kara Leonidovna,Fantastic Four,Model,04/05/2021
Watson Natasha Valeryevna,Daily Planet,Reporter,04/04/2024
Romanoff Carol Svetlanaevna,League of Assassins,Spy,31/03/2019
Allen Wade Nikolayevna,Stark Industries,Private Investigator,22/12/2023
White Jessica Igorevna,Fantastic Four,Journalist,19/02/2020
Wayne David Igorevna,Alias Investigations,Agent,25/09/2021
Maximoff Felicity Vsevolodovna,League of Assassins,Spy,03/10/2017
Cain Natasha Elenaevna,CatCo Worldwide Media,Scientist,14/02/2020
Todd Carol Sergeevna,Rand Enterprises,Spy,29/01/2020
Reilly Wanda Artemovna,SSR,Reporter,13/09/2020
Zor-El Peter Sidorovna,Daily Planet,Soldier,06/07/2023
Carter Kate Yevgenievna,S.H.I.E.L.D.,Reporter,09/11/2016
Bishop Natasha Nikolaevna,SSR,Spy,01/11/2021
Cho Dorothy Maryevna,Central City Police Department,Model,05/05/2020
Rogers Grace Gennadievna,League of Assassins,CEO,02/04/2018
Osborn Carol Irinaevna,Queen Industries,Agent,06/11/2020
Rand Jason Romanovna,S.H.I.E.L.D.,Soldier,18/12/2016
Cho Steve Vladislavovna,Alias Investigations,Air Force Pilot,26/07/2018
Murdock Jason Tatianaevna,Queen Industries,Scientist,06/01/2017
Danvers Peter Dariaevna,Daily Planet,Private Investigator,09/03/2024
Zor-El Clark Yakovlevna,Central City Police Department,Soldier,18/07/2017
Todd Dorothy Borisovna,Gamma Research,Photographer,31/08/2019
Jones Jessica Igorevna,Stark Industries,Air Force Pilot,18/02/2022
Reilly Peggy Vladimirovna,Fantastic Four,Lawyer,16/09/2018
Palpatine Bruce Igorevna,League of Assassins,Journalist,18/05/2022
White Clark Irinaevna,Oscorp Industries,Journalist,17/06/2023
Danvers Felicity Andreevna,League of Assassins,CEO,27/11/2021
Osborn Steve Katerinaevna,League of Assassins,Photographer,09/08/2019
Murdock Tony Svetlanaevna,Wayne Enterprises,IT Specialist,08/01/2021
Danvers Ben Petrovna,Oscorp Industries,Private Investigator,03/02/2018
Todd Walter Tatianaevna,Alias Investigations,Private Investigator,28/02/2018
Maximoff Wade Olegovna,Daily Planet,Lawyer,18/10/2022
Rand Kara Leonidovna,NASA,CEO,29/07/2020
Lane Kate Andreevna,SSR,Agent,22/06/2023
Smoak Steve Viktorovna,Central City Police Department,Spy,02/06/2021
Reilly Kate Artemovna,Wayne Enterprises,Soldier,15/05/2018
Wayne Matt Romanovna,Fantastic Four,IT Specialist,09/09/2017
Smoak David Viktorovna,League of Assassins,Air Force Pilot,25/10/2018
Smoak Daniel Mikhailovna,Fantastic Four,CEO,07/12/2022
Zor-El Tony Igorevna,Central City Police Department,Agent,10/02/2024
Parker Jason Igorevna,SSR,Scientist,14/08/2018
Romanoff Dorothy Elenaevna,Oscorp Industries,Photographer,23/06/2021
White Wade Viktorovna,NASA,Soldier,08/08/2023
Romanoff Matt Gennadievna,Oscorp Industries,Scientist,27/02/2018
Jones Wade Dariaevna,Queen Industries,Reporter,21/07/2021
Reilly Oliver Alexandrovna,Daily Planet,Archer,25/01/2023
Stark Wanda Artemovna,NASA,Archer,26/11/2021
Wayne Dorothy Vladislavovna,SSR,Journalist,11/04/2019
Smoak Barry Elenaevna,Gamma Research,IT Specialist,23/09/2017
Wayne Natasha Sergeevna,Stark Industries,Lawyer,17/05/2023
Maximoff Matt Mikhailovna,Fantastic Four,Scientist,06/12/2021
Watson Bruce Vladislavovna,Wayne Enterprises,Photographer,20/12/2022
Smoak Wanda Nikolaevna,Alias Investigations,Model,15/11/2018
Bishop Bruce Ivanovna,Palmer Technologies,Scientist,23/09/2021
Gale Peggy Artemovna,Gamma Research,Archer,23/12/2017
Rand Rey Stanislavovna,Palmer Technologies,Reporter,22/02/2020
Zor-El Barry Borisovna,Oscorp Industries,IT Specialist,02/12/2017
Storm Wade Olegovna,Gamma Research,CEO,11/02/2024
Watson Mary Svetlanaevna,Palmer Technologies,Agent,11/05/2018
Queen David Gennadievna,League of Assassins,Model,09/01/2023
Bishop Steve Borisovna,Gamma Research,Reporter,21/10/2023
Watson Steve Olegovna,S.H.I.E.L.D.,Reporter,10/12/2021
Todd David Svetlanaevna,Gamma Research,Scientist,19/03/2024
Cain Kara Vsevolodovna,S.H.I.E.L.D.,Private Investigator,06/07/2022
Queen Steve Elenaevna,Wayne Enterprises,IT Specialist,08/06/2023
Palpatine Oliver Gennadievna,Army,Air Force Pilot,13/10/2018
Wilson Tony Nataliaevna,Wayne Enterprises,Lawyer,25/04/2022
Allen Carol Fedorovna,Palmer Technologies,Air Force Pilot,02/12/2018
Jones Oliver Alexandrovna,Alias Investigations,Journalist,18/10/2020
Jones David Katerinaevna,S.H.I.E.L.D.,CEO,07/11/2018
Parker Norman Sidorovna,SSR,Lawyer,12/07/2017
Gale Peggy Alexandrovna,Oscorp Industries,Reporter,04/03/2023
Gale Peter Nikolaevna,Daily Planet,IT Specialist,20/11/2019
Wayne Susan Vasilievna,NASA,Archer,13/04/2019
Rand Daniel Andreevna,CatCo Worldwide Media,Model,05/02/2017
Wilson Peggy Dmitrievna,League of Assassins,Agent,19/05/2023
Cain Wanda Romanovna,League of Assassins,Soldier,23/12/2019
Palpatine Kate Vladimirovna,Queen Industries,Agent,17/08/2020
Reilly Walter Svetlanaevna,League of Assassins,Lawyer,30/11/2016
Queen David Igorevna,S.H.I.E.L.D.,Journalist,01/07/2019
Zor-El Steve Mikhailovna,Central City Police Department,Soldier,18/12/2021
Cain Bruce Svetlanaevna,Wayne Enterprises,Soldier,31/05/2019
Zor-El Clark Viktorovna,Central City Police Department,Scientist,17/12/2018
Bishop Carol Viktorovna,NASA,Private Investigator,18/04/2020
Wayne Grace Sergeevna,Central City Police Department,Soldier,28/08/2018
Queen Bruce Yakovlevna,Oscorp Industries,Model,14/05/2017
Maximoff Oliver Stanislavovna,Army,Spy,13/10/2022
Cain Mary Gennadievna,League of Assassins,Soldier,06/03/2024
Cho Rey Timofeyevna,CatCo Worldwide Media,Photographer,12/07/2018
Wayne Tony Borisovna,Stark Industries,Photographer,08/10/2016
Cain Peggy Tatianaevna,League of Assassins,Photographer,20/05/2021
Smoak Wade Katerinaevna,League of Assassins,Private Investigator,11/06/2017
Parker Steve Dmitrievna,CatCo Worldwide Media,Scientist,10/11/2022
White Wanda Valeryevna,Daily Planet,Spy,03/01/2022
Parker Steve Nataliaevna,Oscorp Industries,Soldier,17/06/2020
Stark Dorothy Tatianaevna,League of Assassins,Reporter,26/11/2023
Reilly Wanda Vsevolodovna,Queen Industries,Model,13/04/2017
White Matt Vasilievna,Oscorp Industries,Journalist,18/02/2023
Palpatine Lois Igorevna,Gamma Research,Air Force Pilot,07/04/2017
Kent Carol Alexandrovna,League of Assassins,Reporter,23/04/2021
White Peggy Svetlanaevna,Army,Scientist,29/09/2018
Rand Grace Elenaevna,Alias Investigations,Photographer,30/12/2022
Wayne Steve Dmitrievna,Daily Planet,Archer,17/08/2021
Wilson David Vsevolodovna,Queen Industries,Lawyer,07/07/2021
Osborn Walter Timofeyevna,Army,IT Specialist,05/08/2024
Danvers Walter Nikolaevna,Daily Planet,Spy,05/03/2021
Zor-El Peggy Sergeevna,Daily Planet,Journalist,28/02/2017
Rand Rey Nikolaevna,Queen Industries,Private Investigator,01/11/2016
Queen Susan Mikhailovna,Oscorp Industries,Agent,03/08/2023
Parker Walter Borisovna,Queen Industries,Air Force Pilot,01/05/2020
White Peggy Leonidovna,NASA,Spy,14/02/2017
Todd Norman Vsevolodovna,Rand Enterprises,IT Specialist,09/11/2016
Todd Peggy Andreevna,Gamma Research,Archer,12/08/2020
Kent Clark Vladimirovna,League of Assassins,CEO,16/02/2019
Rogers Tony Katerinaevna,Rand Enterprises,Private Investigator,04/08/2022
Rand Grace Timofeyevna,League of Assassins,IT Specialist,17/04/2019
Wayne Clark Fedorovna,Palmer Technologies,Photographer,30/06/2023
Bishop Carol Olegovna,Fantastic Four,Soldier,13/02/2018
Maximoff Wade Gennadievna,Wayne Enterprises,Lawyer,17/12/2016
Cho Daniel Nikolaevna,Gamma Research,Journalist,25/01/2020
Bishop Peggy Katerinaevna,Stark Industries,Model,04/09/2021
Wilson Jessica Olegovna,Oscorp Industries,Photographer,15/01/2017
Kent Wanda Vsevolodovna,Palmer Technologies,Reporter,17/05/2018
Maximoff Kara Leonidovna,SSR,Soldier,22/07/2021
Jones Norman Andreevna,Gamma Research,Archer,26/10/2017
Jones Wanda Maryevna,Central City Police Department,CEO,05/09/2016
Romanoff Ben Leonidovna,CatCo Worldwide Media,Photographer,29/04/2024
Cain Barry Dariaevna,CatCo Worldwide Media,Scientist,20/12/2022
Danvers Ben Veniaminovna,Daily Planet,CEO,22/02/2018
Storm Mary Gennadievna,S.H.I.E.L.D.,IT Specialist,29/11/2018
Bishop Barry Katerinaevna,Palmer Technologies,Model,21/02/2017
Allen Walter Romanovna,Wayne Enterprises,Agent,20/09/2017
Bishop Norman Fedorovna,League of Assassins,Spy,21/04/2019
Parker Kara Dmitrievna,NASA,CEO,19/02/2019
Wilson Ben Katerinaevna,Stark Industries,IT Specialist,02/03/2022
Cain Oliver Artemovna,NASA,Archer,28/11/2022
Palpatine Wanda Tatianaevna,Daily Planet,Model,09/03/2017
Kent Natasha Nikolayevna,Gamma Research,Journalist,14/10/2017
White Kara Sergeevna,Army,Lawyer,02/11/2022
Reilly Carol Nikolaevna,SSR,Agent,22/03/2018
Queen Kara Dmitrievna,League of Assassins,Lawyer,09/06/2019
Storm Peter Romanovna,Wayne Enterprises,Air Force Pilot,21/07/2021
Cain Matt Mikhailovna,League of Assassins,Air Force Pilot,06/11/2022
Romanoff Wade Igorevna,S.H.I.E.L.D.,Private Investigator,24/05/2022
Danvers Matt Veniaminovna,Daily Planet,Photographer,22/11/2023
Romanoff Clark Petrovna,Alias Investigations,Model,04/04/2023
Jones Natasha Vasilievna,Oscorp Industries,IT Specialist,25/01/2018
White Jason Nikolaevna,Alias Investigations,Scientist,18/08/2022
Todd Norman Vladislavovna,Stark Industries,Lawyer,17/03/2018
Cain Jessica Timofeyevna,Fantastic Four,Scientist,09/02/2024
Wilson Carol Mikhailovna,Rand Enterprises,Lawyer,26/04/2023
Carter Walter Ivanovna,Wayne Enterprises,Archer,27/01/2019
Reilly Natasha Borisovna,Stark Industries,Agent,04/12/2018
Wayne Peggy Gennadievna,Fantastic Four,Archer,23/10/2019
Maximoff Peter Valeryevna,Alias Investigations,Agent,22/01/2023
Queen Tony Dariaevna,Fantastic Four,Journalist,14/12/2016
Allen Jessica Katerinaevna,Stark Industries,Spy,29/01/2020
Parker Peggy Olgaevna,Rand Enterprises,Reporter,07/12/2023
Romanoff Wanda Olegovna,Fantastic Four,Spy,29/05/2020
White Steve Olgaevna,Palmer Technologies,Soldier,24/03/2018
Gale Norman Vsevolodovna,CatCo Worldwide Media,Archer,28/07/2024
Parker Matt Nikolayevna,Daily Planet,Soldier,29/07/2023
Queen Susan Gennadievna,Alias Investigations,Spy,09/11/2018
Romanoff Natasha Elenaevna,Alias Investigations,Photographer,27/01/2021
Watson Clark Leonidovna,CatCo Worldwide Media,Soldier,06/07/2018
White Walter Igorevna,Gamma Research,CEO,15/02/2023
Cain Bruce Gennadievna,NASA,Photographer,15/11/2023
Rogers Wade Elenaevna,Rand Enterprises,Archer,16/08/2021
Murdock Bruce Fedorovna,Oscorp Industries,Scientist,04/12/2019
Stark Dorothy Leonidovna,Army,Private Investigator,05/08/2022
Cain Natasha Mikhailovna,Central City Police Department,Journalist,03/04/2020
Storm Matt Katerinaevna,Fantastic Four,Photographer,08/12/2022
Parker Norman Viktorovna,S.H.I.E.L.D.,IT Specialist,27/09/2017
Zor-El Barry Vasilievna,S.H.I.E.L.D.,Model,14/07/2022
Parker Natasha Olgaevna,Rand Enterprises,Photographer,25/07/2022
White Tony Vladimirovna,League of Assassins,Journalist,03/03/2024
Reilly Peter Andreevna,S.H.I.E.L.D.,Spy,25/05/2022
Cain Felicity Valeryevna,S.H.I.E.L.D.,Reporter,21/07/2017
Stark Felicity Dmitrievna,Rand Enterprises,Journalist,01/02/2024
Bishop Jason Yurievna,Fantastic Four,Model,14/01/2019
Palpatine Carol Vladislavovna,Fantastic Four,Air Force Pilot,22/02/2024
Zor-El Rey Mikhailovna,SSR,Scientist,19/01/2019
Kent Walter Elenaevna,S.H.I.E.L.D.,IT Specialist,23/04/2019
Storm David Vladimirovna,Central City Police Department,Model,09/11/2021
Todd Ben Yakovlevna,NASA,Journalist,27/01/2021
Kent Grace Olgaevna,NASA,Agent,02/12/2023
Todd Mary Vasilievna,Fantastic Four,Reporter,20/04/2019
Romanoff Jason Borisovna,S.H.I.E.L.D.,Model,14/01/2017
Cain David Vsevolodovna,Stark Industries,Photographer,07/11/2020
Smoak Steve Sidorovna,Rand Enterprises,Archer,24/12/2020
Stark Oliver Olgaevna,Alias Investigations,Journalist,10/07/2018
White Bruce Dariaevna,Rand Enterprises,IT Specialist,08/04/2017
Parker Rey Tatianaevna,Fantastic Four,Spy,11/08/2022
Murdock David Yakovlevna,Fantastic Four,IT Specialist,15/01/2020
Watson Lois Leonidovna,Oscorp Industries,Private Investigator,20/09/2020
Reilly Kate Dariaevna,CatCo Worldwide Media,Soldier,30/03/2020
Maximoff Steve Romanovna,Oscorp Industries,Air Force Pilot,06/02/2018
Rogers Felicity Nikolaevna,Oscorp Industries,Scientist,24/03/2017
Gale Carol Vasilievna,CatCo Worldwide Media,Agent,06/02/2022
Smoak Grace Dmitrievna,Oscorp Industries,IT Specialist,06/07/2020
Wayne Clark Olegovna,Wayne Enterprises,Reporter,06/04/2022
Kent Steve Andreevna,Central City Police Department,Soldier,14/01/2023
Maximoff Mary Artemovna,NASA,Scientist,24/06/2024
Palpatine Norman Katerinaevna,Oscorp Industries,Private Investigator,08/12/2023
Maximoff Walter Elenaevna,NASA,Model,24/12/2020
Lane Bruce Viktorovna,Rand Enterprises,Reporter,26/06/2021
Cho Rey Romanovna,Army,Air Force Pilot,14/03/2020
Carter Natasha Elenaevna,NASA,Lawyer,29/04/2018
Gale Grace Romanovna,Alias Investigations,Spy,02/05/2019
White Lois Dariaevna,Stark Industries,Journalist,10/12/2019
Smoak Oliver Romanovna,Oscorp Industries,IT Specialist,21/03/2022
White Lois Nikolaevna,Gamma Research,Private Investigator,22/03/2021
Bishop Oliver Dmitrievna,Stark Industries,Private Investigator,11/05/2024
Cho Steve Olgaevna,Palmer Technologies,Photographer,06/05/2020
Bishop Rey Katerinaevna,Army,Soldier,23/09/2019
Allen Wade Sidorovna,Palmer Technologies,Private Investigator,02/10/2019
Romanoff Tony Olegovna,Fantastic Four,Scientist,12/02/2023
Danvers Matt Romanovna,Queen Industries,Private Investigator,25/04/2021
Zor-El Natasha Dmitrievna,SSR,Agent,02/09/2017
Zor-El Susan Sergeevna,Gamma Research,Soldier,09/12/2022
Kent Steve Olegovna,Stark Industries,IT Specialist,08/12/2019
Watson Bruce Maryevna,Wayne Enterprises,Journalist,25/12/2019
Palpatine Kara Viktorovna,Daily Planet,Archer,04/02/2018
Wayne Wade Yevgenievna,S.H.I.E.L.D.,Photographer,06/08/2018
Stark Wanda Leonidovna,Palmer Technologies,IT Specialist,03/11/2023
Allen Rey Leonidovna,Central City Police Department,Reporter,03/12/2019
White David Sergeevna,Queen Industries,Lawyer,02/11/2020
Rogers Natasha Katerinaevna,League of Assassins,Model,12/07/2023
Rogers Matt Borisovna,Army,Reporter,30/09/2021
Wilson Norman Tatianaevna,Oscorp Industries,Spy,03/03/2020
Todd Kara Elenaevna,Gamma Research,Spy,01/10/2017
Parker Wanda Romanovna,Wayne Enterprises,Spy,21/12/2016
Maximoff Peggy Igorevna,Alias Investigations,Scientist,12/05/2023
Watson Bruce Tatianaevna,Palmer Technologies,CEO,22/08/2020
Rand David Vladislavovna,Oscorp Industries,Journalist,21/07/2021
Wilson Felicity Nataliaevna,S.H.I.E.L.D.,Private Investigator,06/06/2018
Cain Wade Petrovna,Wayne Enterprises,Spy,23/08/2021
Bishop Peggy Nikolayevna,Queen Industries,Archer,23/01/2022
White Clark Fedorovna,Alias Investigations,CEO,15/08/2023
Gale Jason Artemovna,League of Assassins,IT Specialist,13/11/2022
Wilson Jason Yevgenievna,Daily Planet,Scientist,22/06/2019
Carter Mary Mikhailovna,NASA,Reporter,13/02/2018
Queen Susan Veniaminovna,Gamma Research,IT Specialist,11/04/2017
Parker Felicity Yevgenievna,Central City Police Department,Agent,25/10/2016
Romanoff Walter Dmitrievna,Wayne Enterprises,Private Investigator,15/01/2023
Queen Jessica Igorevna,Daily Planet,Lawyer,03/08/2023
Wilson Wanda Veniaminovna,Stark Industries,Photographer,29/08/2017
Smoak Dorothy Petrovna,Fantastic Four,IT Specialist,11/06/2022
Parker Susan Artemovna,Oscorp Industries,IT Specialist,25/02/2021
Zor-El Carol Svetlanaevna,Gamma Research,Agent,01/10/2019
Reilly Clark Sidorovna,Wayne Enterprises,Model,11/09/2022
Parker Ben Borisovna,CatCo Worldwide Media,CEO,01/05/2024
Todd Steve Yurievna,Fantastic Four,Model,26/09/2022
Allen Clark Olgaevna,Alias Investigations,Private Investigator,17/12/2017
White Bruce Katerinaevna,Fantastic Four,Archer,02/09/2019
Cho Clark Vladislavovna,NASA,Archer,18/06/2024
Reilly Wade Nataliaevna,Daily Planet,Air Force Pilot,09/01/2020
Palpatine Walter Irinaevna,Queen Industries,IT Specialist,01/12/2020
Wayne Clark Olegovna,Queen Industries,Soldier,23/09/2017
Stark Peggy Olgaevna,SSR,Model,25/09/2016
Romanoff Lois Yurievna,Oscorp Industries,IT Specialist,01/02/2021
Smoak Daniel Elenaevna,Oscorp Industries,Model,30/05/2020
Romanoff Jason Mikhailovna,Palmer Technologies,Archer,28/11/2023
Reilly Rey Yakovlevna,Stark Industries,Photographer,22/05/2017
Stark Grace Sidorovna,Fantastic Four,Soldier,12/10/2021
Danvers Walter Stanislavovna,League of Assassins,Spy,02/02/2018
Parker Mary Sergeevna,Central City Police Department,Spy,20/04/2019
Zor-El Natasha Valeryevna,Palmer Technologies,Photographer,13/04/2020
Jones Barry Olegovna,Stark Industries,Model,19/12/2016
Murdock Peter Nikolaevna,Fantastic Four,Private Investigator,07/03/2024
Allen Jason Maryevna,CatCo Worldwide Media,Archer,05/12/2021
Palpatine Kate Andreevna,Stark Industries,CEO,05/11/2021
Zor-El Kara Dmitrievna,Oscorp Industries,Soldier,08/10/2022
Bishop Jason Elenaevna,Oscorp Industries,Photographer,22/10/2020
Wayne Kara Alexandrovna,Gamma Research,Soldier,27/04/2020
Watson Peggy Leonidovna,NASA,IT Specialist,18/01/2017
Reilly Kara Stanislavovna,S.H.I.E.L.D.,Agent,22/12/2023
Watson Wanda Romanovna,League of Assassins,Lawyer,18/04/2019
Rogers Wanda Gennadievna,Alias Investigations,Reporter,08/10/2017
Zor-El Oliver Yurievna,NASA,Photographer,22/12/2021
Allen Carol Sergeevna,Rand Enterprises,Photographer,20/10/2022
Rand Carol Timofeyevna,CatCo Worldwide Media,Spy,18/07/2021
Todd Kara Vsevolodovna,Wayne Enterprises,Archer,13/03/2019
Smoak Lois Vsevolodovna,Army,Agent,28/04/2017
Stark Wade Stanislavovna,Gamma Research,Lawyer,01/01/2018
Queen Steve Svetlanaevna,Queen Industries,Soldier,23/01/2024
Stark David Borisovna,Alias Investigations,Scientist,16/06/2022
Bishop Mary Yurievna,CatCo Worldwide Media,Journalist,22/07/2020
Allen Ben Alexandrovna,S.H.I.E.L.D.,CEO,08/07/2017
White Peggy Valeryevna,Queen Industries,Model,03/03/2021
Murdock Norman Borisovna,CatCo Worldwide Media,Soldier,19/07/2024
Jones Tony Vladislavovna,Alias Investigations,CEO,04/08/2018
Reilly Felicity Artemovna,Stark Industries,Reporter,23/07/2022
Gale Dorothy Sergeevna,Central City Police Department,Scientist,07/11/2020
Wayne Steve Mikhailovna,S.H.I.E.L.D.,Journalist,13/09/2021
Carter Grace Olegovna,Stark Industries,Agent,24/05/2024
Lane Norman Vladimirovna,CatCo Worldwide Media,CEO,21/01/2018
Cain Steve Elenaevna,Oscorp Industries,Photographer,29/08/2023
Cain Carol Nataliaevna,Rand Enterprises,Air Force Pilot,12/04/2018
Carter Walter Tatianaevna,Rand Enterprises,Agent,22/11/2017
Palpatine Jason Artemovna,SSR,Archer,19/01/2019
Carter Clark Yevgenievna,Stark Industries,Archer,08/07/2021
Jones Oliver Yevgenievna,CatCo Worldwide Media,Journalist,19/02/2021
Bishop Daniel Vsevolodovna,NASA,Photographer,26/05/2018
Watson Barry Yakovlevna,NASA,Scientist,10/08/2020
Romanoff Rey Katerinaevna,Central City Police Department,Photographer,16/02/2021
Wayne Walter Olgaevna,SSR,Photographer,06/09/2023
Allen Felicity Vladimirovna,NASA,Model,25/10/2021
Danvers Jason Elenaevna,League of Assassins,IT Specialist,18/08/2022
Osborn Wade Yevgenievna,Rand Enterprises,Agent,30/08/2020
Murdock Clark Dariaevna,Palmer Technologies,Photographer,08/08/2017
Allen Barry Nikolaevna,Stark Industries,Archer,27/10/2019
Kent Daniel Vladislavovna,Oscorp Industries,IT Specialist,11/03/2019
Watson Matt Dmitrievna,Rand Enterprises,Photographer,05/07/2021
Zor-El Peter Fedorovna,NASA,Journalist,21/01/2021
Kent Peter Sidorovna,Army,Photographer,24/05/2023
Romanoff Kate Viktorovna,S.H.I.E.L.D.,Scientist,21/02/2019
Gale Tony Petrovna,S.H.I.E.L.D.,Agent,21/01/2019
Palpatine Mary Timofeyevna,SSR,Air Force Pilot,21/03/2023
Carter Steve Fedorovna,CatCo Worldwide Media,CEO,14/09/2020
Gale Ben Annaevna,Queen Industries,Private Investigator,19/12/2016
Zor-El Felicity Nikolaevna,Rand Enterprises,IT Specialist,03/08/2019
Reilly Mary Mikhailovna,Gamma Research,Photographer,11/08/2022
Carter Carol Leonidovna,Army,CEO,28/02/2019
Jones Natasha Annaevna,Gamma Research,Air Force Pilot,15/01/2020
Bishop Carol Vsevolodovna,S.H.I.E.L.D.,Private Investigator,12/08/2023
Watson Mary Borisovna,S.H.I.E.L.D.,Reporter,30/09/2016
Gale Felicity Vladimirovna,Daily Planet,IT Specialist,14/10/2023
Rand Kara Gennadievna,Daily Planet,Lawyer,22/07/2021
Cain Walter Yevgenievna,Gamma Research,Photographer,28/10/2017
Cain Walter Viktorovna,Palmer Technologies,Spy,15/08/2019
Stark Felicity Romanovna,Army,Model,06/06/2024
Zor-El Susan Svetlanaevna,Wayne Enterprises,IT Specialist,25/02/2023
Romanoff Oliver Olgaevna,Central City Police Department,Archer,20/04/2020
Cho Daniel Vasilievna,Rand Enterprises,Private Investigator,02/06/2020
Cain Clark Yakovlevna,Daily Planet,Air Force Pilot,06/09/2023
Jones Tony Viktorovna,Oscorp Industries,Journalist,26/03/2021
Palpatine Susan Olegovna,NASA,Agent,01/08/2019
Lane Kate Gennadievna,CatCo Worldwide Media,CEO,06/06/2024
Gale Ben Nikolayevna,Palmer Technologies,Air Force Pilot,20/05/2019
Allen Peggy Fedorovna,NASA,Journalist,13/02/2020
Romanoff Felicity Valeryevna,League of Assassins,Private Investigator,25/02/2023
Romanoff Wanda Andreevna,Daily Planet,Journalist,02/01/2018
Romanoff Kara Veniaminovna,Alias Investigations,Scientist,28/04/2021
Wayne Barry Elenaevna,CatCo Worldwide Media,Air Force Pilot,14/08/2018
Murdock Natasha Dmitrievna,Gamma Research,Soldier,11/03/2023
Romanoff Norman Olegovna,Daily Planet,CEO,06/07/2024
Watson David Olgaevna,Central City Police Department,Journalist,20/12/2018
Jones Oliver Olgaevna,Wayne Enterprises,Spy,28/12/2016
Murdock Kate Svetlanaevna,Wayne Enterprises,Scientist,12/05/2024
Gale Rey Yakovlevna,Rand Enterprises,Reporter,04/02/2024
Zor-El Wade Leonidovna,Rand Enterprises,Spy,11/11/2023
Wilson Jason Nikolaevna,League of Assassins,Air Force Pilot,09/03/2019
White Kate Artemovna,Oscorp Industries,Archer,06/03/2021
Allen Bruce Veniaminovna,Stark Industries,Photographer,15/02/2018
Rand Felicity Dmitrievna,Central City Police Department,Photographer,15/01/2023
Kent Carol Nikolaevna,SSR,Lawyer,07/11/2019
Stark David Maryevna,Queen Industries,Soldier,11/04/2018
White Felicity Yevgenievna,Daily Planet,Spy,23/10/2021
Osborn Kate Yakovlevna,S.H.I.E.L.D.,Private Investigator,25/11/2018
Danvers Steve Yakovlevna,League of Assassins,Spy,19/01/2020
Kent Peter Katerinaevna,Fantastic Four,Journalist,04/06/2022
Danvers Wanda Yevgenievna,NASA,Air Force Pilot,27/03/2024
Gale Mary Mikhailovna,SSR,Journalist,30/11/2021
Romanoff Clark Dmitrievna,Palmer Technologies,Archer,03/04/2017
Palpatine Ben Annaevna,Alias Investigations,CEO,07/09/2019
Todd Jessica Petrovna,Alias Investigations,Air Force Pilot,14/10/2021
Romanoff Rey Vasilievna,Gamma Research,Reporter,08/10/2023
Zor-El Kara Katerinaevna,CatCo Worldwide Media,Spy,23/11/2021
Zor-El Wanda Artemovna,League of Assassins,Spy,13/06/2017
Reilly Jessica Veniaminovna,Alias Investigations,IT Specialist,30/07/2017
White Mary Sergeevna,Army,Lawyer,03/05/2017
Allen Lois Gennadievna,Central City Police Department,Archer,14/09/2019
Osborn Jason Yakovlevna,Stark Industries,Private Investigator,07/12/2019
Kent Steve Olgaevna,Rand Enterprises,Scientist,04/08/2021
Gale Grace Petrovna,SSR,Soldier,21/03/2022
Zor-El Kate Ivanovna,Palmer Technologies,Journalist,19/11/2020
Smoak Dorothy Vsevolodovna,S.H.I.E.L.D.,Journalist,10/04/2022
Reilly Wanda Vladislavovna,Alias Investigations,CEO,29/06/2019
Carter Barry Nikolayevna,Army,Scientist,22/12/2016
White Daniel Sidorovna,Palmer Technologies,Agent,15/10/2021
White Oliver Irinaevna,SSR,IT Specialist,31/05/2023
Smoak Oliver Olegovna,Alias Investigations,Soldier,09/11/2022
Osborn Rey Gennadievna,Oscorp Industries,Photographer,11/04/2019
Palpatine Ben Veniaminovna,Central City Police Department,Archer,02/05/2019
Watson Lois Petrovna,Army,Scientist,09/11/2017
Cain Daniel Nikolayevna,Wayne Enterprises,Journalist,09/12/2018
Storm Mary Sidorovna,CatCo Worldwide Media,Photographer,08/06/2022
Smoak Kate Yurievna,Army,IT Specialist,02/04/2017
Parker Norman Nikolayevna,Oscorp Industries,Model,03/09/2017
Jones Natasha Sergeevna,Queen Industries,Spy,01/10/2020
Carter Rey Romanovna,Oscorp Industries,Model,23/12/2021
Murdock Clark Gennadievna,CatCo Worldwide Media,CEO,17/02/2018
Queen Clark Leonidovna,Queen Industries,Lawyer,12/10/2016
Rand Carol Fedorovna,Army,Lawyer,19/04/2024
Lane Lois Yakovlevna,Queen Industries,Agent,20/03/2017
Reilly Steve Sidorovna,Wayne Enterprises,Archer,14/06/2022
Todd Jason Petrovna,Oscorp Industries,Agent,24/11/2016
Murdock Jessica Viktorovna,Oscorp Industries,Spy,13/03/2020
Palpatine Peter Annaevna,League of Assassins,Reporter,16/02/2018
Cho Norman Irinaevna,NASA,Journalist,13/12/2019
Rogers Rey Yevgenievna,Wayne Enterprises,Air Force Pilot,09/09/2018
Carter Wanda Artemovna,Army,Agent,07/08/2022
Allen Felicity Petrovna,League of Assassins,Archer,06/03/2017
Queen Wanda Annaevna,Army,CEO,10/07/2023
Wilson Grace Maryevna,S.H.I.E.L.D.,Lawyer,14/05/2022
Romanoff Walter Yakovlevna,Fantastic Four,Private Investigator,17/05/2022
Storm Susan Petrovna,Wayne Enterprises,Archer,13/01/2020
Wayne Kara Valeryevna,Stark Industries,Soldier,24/02/2020
Jones Carol Andreevna,League of Assassins,Scientist,14/08/2019
Todd Ben Annaevna,Oscorp Industries,Model,07/12/2020
Maximoff Matt Nikolayevna,Rand Enterprises,Archer,25/02/2024
Zor-El Wanda Tatianaevna,Daily Planet,Agent,20/02/2023
Allen Carol Vsevolodovna,Fantastic Four,Journalist,12/03/2018
Maximoff Mary Stanislavovna,Daily Planet,Spy,18/02/2024
Lane Clark Nataliaevna,Army,Scientist,27/12/2016
Allen Rey Katerinaevna,Central City Police Department,Soldier,10/04/2020
Wayne Ben Stanislavovna,Wayne Enterprises,Air Force Pilot,17/04/2018
Rand Barry Artemovna,Central City Police Department,Reporter,07/09/2021
Romanoff Grace Yurievna,Fantastic Four,Lawyer,09/02/2020
Stark Jason Fedorovna,Fantastic Four,Model,09/06/2021
Allen Dorothy Olgaevna,SSR,Model,27/02/2021
Gale Rey Svetlanaevna,Gamma Research,Air Force Pilot,21/01/2022
Carter Kate Alexandrovna,Fantastic Four,Lawyer,19/08/2016
Lane Clark Yurievna,Rand Enterprises,Journalist,10/05/2018
Palpatine Bruce Yevgenievna,Daily Planet,Soldier,10/11/2023
Rogers Bruce Sidorovna,Palmer Technologies,IT Specialist,30/03/2018
Rogers Barry Nataliaevna,Daily Planet,Reporter,13/09/2019
White Peggy Elenaevna,Palmer Technologies,IT Specialist,26/04/2020
Todd Mary Vladislavovna,Queen Industries,Air Force Pilot,27/12/2018
Romanoff Kara Sergeevna,Army,Model,17/10/2023
Jones Peggy Valeryevna,Oscorp Industries,Scientist,28/03/2024
Romanoff Rey Nikolaevna,Wayne Enterprises,Spy,18/01/2021
Smoak Tony Leonidovna,Gamma Research,Soldier,11/02/2021
Cain Carol Olegovna,S.H.I.E.L.D.,IT Specialist,10/10/2017
Jones Norman Fedorovna,Central City Police Department,Agent,17/03/2017
Murdock Jessica Veniaminovna,Wayne Enterprises,Private Investigator,23/01/2018
Queen Norman Maryevna,SSR,CEO,16/05/2022
Allen Ben Dmitrievna,SSR,Agent,11/11/2021
Carter Kara Gennadievna,SSR,IT Specialist,23/06/2018
Cho Dorothy Andreevna,Daily Planet,Soldier,07/09/2021
White Mary Igorevna,League of Assassins,Spy,17/01/2021
Watson Susan Tatianaevna,Palmer Technologies,Reporter,13/08/2019
Bishop Oliver Katerinaevna,Central City Police Department,Archer,10/01/2018
Wayne Oliver Petrovna,Army,Reporter,20/10/2017
Stark Natasha Alexandrovna,Rand Enterprises,Spy,01/03/2020
Cho Jessica Veniaminovna,Rand Enterprises,Scientist,08/06/2022
Stark Steve Romanovna,League of Assassins,Journalist,18/01/2020
Bishop Lois Leonidovna,S.H.I.E.L.D.,Journalist,02/06/2024
Maximoff Wanda Artemovna,Stark Industries,Private Investigator,02/02/2018
Danvers Oliver Tatianaevna,Central City Police Department,Archer,09/05/2022
Parker Susan Vsevolodovna,Rand Enterprises,IT Specialist,31/03/2018
Todd Lois Valeryevna,Daily Planet,Lawyer,24/09/2019
Reilly Oliver Veniaminovna,Alias Investigations,Photographer,09/10/2020
Maximoff Oliver Petrovna,CatCo Worldwide Media,Soldier,28/03/2019
Romanoff Peggy Dariaevna,Wayne Enterprises,IT Specialist,19/09/2020
Gale David Alexandrovna,Oscorp Industries,Spy,12/03/2017
Romanoff Wanda Olegovna,Alias Investigations,Archer,17/11/2023
Carter Susan Elenaevna,Wayne Enterprises,Reporter,14/07/2018
Smoak Mary Dariaevna,Stark Industries,Lawyer,04/04/2020
White Wade Alexandrovna,Oscorp Industries,CEO,01/02/2020
Danvers Dorothy Stanislavovna,CatCo Worldwide Media,Private Investigator,06/05/2017
White Oliver Olegovna,S.H.I.E.L.D.,Lawyer,31/03/2023
Carter Wade Yakovlevna,Alias Investigations,Archer,19/08/2023
Allen Daniel Mikhailovna,Stark Industries,Air Force Pilot,30/09/2017
Rand Mary Fedorovna,League of Assassins,Model,28/11/2019
Lane Lois Leonidovna,Oscorp Industries,Spy,04/08/2018
Bishop Kate Maryevna,Fantastic Four,Private Investigator,17/02/2021
Stark Lois Vladislavovna,NASA,Lawyer,21/02/2020
Cain Susan Petrovna,Oscorp Industries,Air Force Pilot,21/06/2021
Danvers Kate Dmitrievna,Fantastic Four,Air Force Pilot,18/08/2020
Danvers Natasha Vasilievna,Alias Investigations,Journalist,10/05/2018
Kent Oliver Artemovna,Wayne Enterprises,Soldier,14/06/2019
Zor-El Oliver Nikolayevna,Oscorp Industries,Private Investigator,30/10/2017
Romanoff Bruce Leonidovna,Central City Police Department,Journalist,16/03/2019
Osborn Dorothy Gennadievna,Queen Industries,Spy,27/08/2018
Wayne Walter Olgaevna,Wayne Enterprises,Journalist,12/07/2023
Smoak Peter Yurievna,Alias Investigations,Model,03/01/2021
Palpatine Susan Dariaevna,Rand Enterprises,Archer,21/10/2023
Stark Daniel Olegovna,Rand Enterprises,Agent,21/01/2023
Rogers Susan Maryevna,Daily Planet,Private Investigator,16/06/2023
Carter Mary Tatianaevna,CatCo Worldwide Media,Air Force Pilot,14/08/2016
Romanoff David Alexandrovna,League of Assassins,Air Force Pilot,12/01/2021
Maximoff Jason Vladislavovna,Central City Police Department,Archer,19/06/2019
Wayne Matt Tatianaevna,Queen Industries,Spy,17/10/2018
Kent Rey Petrovna,NASA,Reporter,28/12/2021
Wilson Clark Alexandrovna,Wayne Enterprises,Archer,19/08/2022
Danvers Bruce Timofeyevna,NASA,Archer,08/07/2022
Jones Lois Nataliaevna,NASA,Photographer,03/06/2020
Danvers Clark Timofeyevna,Rand Enterprises,Soldier,27/03/2021
Wilson Oliver Veniaminovna,CatCo Worldwide Media,Agent,28/10/2021
Murdock Grace Alexandrovna,Army,Journalist,06/03/2020
Cain Kara Fedorovna,Wayne Enterprises,CEO,25/02/2019
Storm Susan Annaevna,Stark Industries,IT Specialist,16/01/2020
Murdock Clark Petrovna,League of Assassins,Model,16/01/2023
Palpatine Rey Yakovlevna,Stark Industries,IT Specialist,15/09/2019
Watson Dorothy Vladislavovna,Alias Investigations,Photographer,17/11/2020
Rogers Clark Yakovlevna,Gamma Research,Lawyer,10/04/2020
Todd Peter Dariaevna,Alias Investigations,Private Investigator,13/03/2018
Gale Ben Olgaevna,Stark Industries,Journalist,05/04/2020
Stark Wade Fedorovna,Stark Industries,Model,19/07/2018
Zor-El Bruce Viktorovna,Central City Police Department,Private Investigator,26/10/2017
Maximoff David Andreevna,S.H.I.E.L.D.,Soldier,26/08/2020
Carter Dorothy Artemovna,Fantastic Four,Spy,05/02/2024
Wilson Peter Gennadievna,NASA,CEO,04/09/2020
Maximoff Norman Annaevna,Daily Planet,Archer,30/05/2022
Jones Norman Igorevna,Fantastic Four,Air Force Pilot,27/01/2017
Stark Peggy Vladislavovna,Queen Industries,Lawyer,22/12/2020
Romanoff Natasha Vladimirovna,Alias Investigations,Lawyer,09/02/2020
Jones Tony Svetlanaevna,Wayne Enterprises,Model,01/11/2016
Palpatine Jessica Romanovna,SSR,Scientist,20/05/2018
Bishop Oliver Yevgenievna,Central City Police Department,Scientist,14/06/2024
Watson Grace Katerinaevna,Queen Industries,CEO,03/11/2017
Jones Jessica Vladimirovna,Fantastic Four,Private Investigator,19/04/2023
Cho Tony Igorevna,Wayne Enterprises,Agent,17/09/2023
Wilson Jason Sergeevna,Wayne Enterprises,Private Investigator,28/07/2024
Romanoff Lois Olegovna,CatCo Worldwide Media,Private Investigator,22/11/2016
Maximoff Susan Yevgenievna,Stark Industries,Private Investigator,22/11/2022
Romanoff Rey Leonidovna,Daily Planet,Scientist,15/12/2021
Kent Ben Vasilievna,SSR,Agent,08/12/2017
Storm Felicity Annaevna,League of Assassins,Spy,01/12/2016
Rand Ben Elenaevna,Oscorp Industries,Photographer,22/11/2023
Zor-El Barry Ivanovna,Army,Agent,02/02/2020
White Norman Maryevna,Palmer Technologies,Model,23/03/2024
Jones Kara Igorevna,Alias Investigations,Private Investigator,30/10/2019
Parker Mary Yurievna,Fantastic Four,Archer,15/06/2019
Gale Grace Vladimirovna,Gamma Research,Private Investigator,16/02/2024
Allen Ben Olegovna,CatCo Worldwide Media,IT Specialist,04/07/2019
Zor-El Grace Viktorovna,SSR,Lawyer,22/10/2017
Watson Barry Yevgenievna,Central City Police Department,Scientist,28/03/2021
Kent Kara Vladislavovna,S.H.I.E.L.D.,Model,07/04/2017
Bishop Ben Fedorovna,Stark Industries,Lawyer,17/01/2020
Allen Kara Andreevna,Palmer Technologies,Scientist,05/09/2019
Storm Peggy Vasilievna,S.H.I.E.L.D.,Lawyer,22/11/2020
Wayne Norman Timofeyevna,Gamma Research,Archer,31/10/2018
Cain Rey Viktorovna,Stark Industries,Private Investigator,30/12/2023
Maximoff Walter Olegovna,Central City Police Department,Journalist,17/09/2019
Wilson David Vsevolodovna,Alias Investigations,Journalist,12/08/2018
Todd Bruce Veniaminovna,Palmer Technologies,Photographer,28/11/2022
Reilly Norman Valeryevna,SSR,Spy,16/02/2020
Reilly Ben Alexandrovna,Fantastic Four,Soldier,20/01/2018
Watson Wanda Vasilievna,Army,Model,05/01/2024
Murdock Peggy Olgaevna,CatCo Worldwide Media,Lawyer,05/05/2020
Wayne Tony Vladislavovna,Alias Investigations,Soldier,09/03/2020
Palpatine Wade Igorevna,Stark Industries,Lawyer,11/03/2024
Allen Natasha Tatianaevna,S.H.I.E.L.D.,Journalist,07/12/2021
Kent Peter Sidorovna,Central City Police Department,CEO,06/06/2019
Watson Susan Vasilievna,Central City Police Department,Soldier,25/09/2020
Parker Lois Yurievna,Alias Investigations,Soldier,04/06/2022
Reilly David Stanislavovna,Stark Industries,CEO,11/06/2022
Cho Jason Mikhailovna,Daily Planet,Private Investigator,23/03/2024
Kent Lois Petrovna,Rand Enterprises,Scientist,17/06/2018
Carter Natasha Vladimirovna,Oscorp Industries,Archer,17/06/2018
Gale Grace Irinaevna,Alias Investigations,Archer,06/01/2021
Palpatine Mary Nikolayevna,NASA,CEO,15/09/2022
Bishop Susan Ivanovna,League of Assassins,IT Specialist,20/06/2024
Queen Grace Vladislavovna,Queen Industries,Archer,20/09/2021
Cain Peggy Dariaevna,League of Assassins,Air Force Pilot,02/12/2021
Kent Kate Stanislavovna,S.H.I.E.L.D.,Soldier,30/04/2019
Rand Grace Yurievna,Oscorp Industries,Spy,12/11/2019
Storm Ben Sidorovna,Army,Agent,28/05/2017
Bishop Peggy Artemovna,CatCo Worldwide Media,Agent,22/06/2023
Bishop Norman Leonidovna,League of Assassins,Photographer,09/04/2021
Stark Felicity Nikolayevna,NASA,CEO,25/01/2019
Gale Jason Timofeyevna,Central City Police Department,Model,21/08/2022
Wilson Kate Timofeyevna,Oscorp Industries,Reporter,03/06/2023
Reilly Bruce Alexandrovna,Oscorp Industries,Archer,28/09/2023
Palpatine Ben Andreevna,Wayne Enterprises,Spy,21/07/2023
Stark Susan Vladimirovna,Fantastic Four,Soldier,03/11/2021
Wilson Peggy Mikhailovna,CatCo Worldwide Media,Private Investigator,26/12/2020
Smoak Oliver Annaevna,Palmer Technologies,Scientist,19/10/2019
Romanoff Dorothy Nataliaevna,Stark Industries,Journalist,17/02/2023
Rand Mary Fedorovna,League of Assassins,Model,11/12/2017
Murdock Oliver Andreevna,S.H.I.E.L.D.,Agent,12/02/2020
Smoak Norman Ivanovna,League of Assassins,CEO,03/05/2018
Reilly Ben Nataliaevna,Alias Investigations,Soldier,26/08/2018
White Walter Yakovlevna,NASA,Agent,16/06/2019
Wilson Peter Igorevna,NASA,Photographer,20/04/2017
Smoak Mary Yakovlevna,Fantastic Four,Scientist,04/05/2020
Watson Tony Dariaevna,League of Assassins,Spy,02/11/2023
Romanoff Norman Vasilievna,Army,Spy,14/10/2022
Danvers Lois Sergeevna,Daily Planet,Photographer,01/11/2022
Queen Walter Olgaevna,Gamma Research,Agent,18/03/2024
Storm Clark Timofeyevna,Oscorp Industries,Air Force Pilot,12/04/2021
Carter Clark Mikhailovna,Fantastic Four,Scientist,03/11/2018
Osborn Rey Elenaevna,Queen Industries,Journalist,11/05/2018
Cain Susan Veniaminovna,Rand Enterprises,Scientist,06/10/2019
Danvers Grace Vsevolodovna,Army,Lawyer,15/11/2017
Jones Norman Romanovna,NASA,IT Specialist,02/12/2019
Smoak Felicity Tatianaevna,Stark Industries,Reporter,13/03/2018
Storm Kate Elenaevna,Palmer Technologies,Scientist,21/11/2020
Kent Clark Vladimirovna,Queen Industries,Agent,28/05/2024
Stark Mary Nikolayevna,Wayne Enterprises,CEO,29/09/2023
Jones Kate Andreevna,Army,Spy,25/09/2016
Maximoff Matt Katerinaevna,League of Assassins,Soldier,02/12/2021
Cain Jessica Igorevna,Rand Enterprises,Private Investigator,30/05/2023
Palpatine Peter Sergeevna,Alias Investigations,Air Force Pilot,20/11/2019
Murdock Jessica Valeryevna,Central City Police Department,Lawyer,16/07/2017
Osborn Susan Yurievna,Queen Industries,IT Specialist,03/01/2021
Queen Steve Alexandrovna,Queen Industries,Photographer,16/07/2017
Kent Norman Viktorovna,Wayne Enterprises,Model,15/03/2017
Palpatine David Nikolayevna,Queen Industries,Photographer,11/09/2020
Wilson Jason Romanovna,NASA,Soldier,13/07/2018
Stark Bruce Romanovna,Rand Enterprises,IT Specialist,06/01/2021
Smoak Felicity Vladimirovna,Oscorp Industries,Lawyer,19/10/2016
Danvers Grace Borisovna,CatCo Worldwide Media,Scientist,24/12/2017
Cain Wanda Andreevna,NASA,Reporter,03/08/2021
Queen Carol Nikolaevna,Palmer Technologies,IT Specialist,12/08/2019
Reilly Peter Timofeyevna,Queen Industries,Private Investigator,10/04/2018
Storm Jessica Yakovlevna,Daily Planet,Journalist,11/05/2021
Kent Bruce Sergeevna,Alias Investigations,Spy,23/11/2020
White Jessica Sergeevna,Queen Industries,Air Force Pilot,26/01/2024
Bishop Susan Nataliaevna,Fantastic Four,Lawyer,09/08/2022
Wilson Bruce Yevgenievna,League of Assassins,IT Specialist,18/01/2023
Queen Bruce Vladimirovna,SSR,Journalist,31/03/2022
Carter Peggy Mikhailovna,Fantastic Four,Air Force Pilot,15/04/2019
Todd Oliver Tatianaevna,CatCo Worldwide Media,Reporter,20/05/2019
Stark Tony Mikhailovna,NASA,Photographer,31/08/2023
Jones David Olegovna,CatCo Worldwide Media,Journalist,16/01/2022
Rand Peter Katerinaevna,S.H.I.E.L.D.,Photographer,07/10/2016
Parker Ben Vasilievna,Stark Industries,Soldier,30/09/2021
Wayne Tony Sergeevna,Fantastic Four,Spy,26/01/2017
Reilly Grace Leonidovna,SSR,Agent,09/01/2019
Osborn Lois Igorevna,Fantastic Four,Scientist,19/11/2019
Maximoff Kara Vladimirovna,Daily Planet,CEO,08/05/2023
Gale Grace Sergeevna,Stark Industries,Photographer,09/11/2019
Watson Steve Vsevolodovna,Gamma Research,Private Investigator,27/07/2023
Romanoff Jason Igorevna,CatCo Worldwide Media,Journalist,10/04/2019
Gale Wanda Viktorovna,League of Assassins,Agent,09/01/2021
Rogers Tony Tatianaevna,Army,Private Investigator,14/05/2022
Wilson Wanda Timofeyevna,Palmer Technologies,Soldier,21/07/2018
Palpatine Peggy Fedorovna,Army,Spy,05/11/2017
Osborn Grace Dmitrievna,Daily Planet,Lawyer,18/03/2018
Wilson Carol Andreevna,S.H.I.E.L.D.,CEO,23/12/2021
Palpatine Oliver Nikolaevna,Palmer Technologies,Lawyer,28/07/2018
White Barry Maryevna,Daily Planet,IT Specialist,01/05/2020
Gale Lois Vladimirovna,Stark Industries,Lawyer,17/12/2017
Todd Wade Dmitrievna,Stark Industries,Air Force Pilot,27/06/2018
Todd Jessica Elenaevna,CatCo Worldwide Media,Scientist,26/02/2024
Danvers Natasha Vasilievna,SSR,Lawyer,30/06/2019
Murdock Susan Leonidovna,Alias Investigations,Reporter,22/01/2021
Palpatine Oliver Vsevolodovna,NASA,Journalist,25/02/2024
Palpatine Rey Vladislavovna,Daily Planet,Scientist,06/08/2023
Murdock David Sergeevna,Rand Enterprises,Lawyer,24/04/2021
Palpatine Peter Borisovna,SSR,Soldier,27/03/2023
Wayne Kate Fedorovna,Fantastic Four,Photographer,29/04/2024
Todd Norman Vsevolodovna,Army,Agent,06/11/2022
Lane Wade Valeryevna,NASA,IT Specialist,25/05/2018
Wilson Susan Ivanovna,Army,Spy,15/11/2022
Kent Susan Ivanovna,Stark Industries,Spy,26/05/2019
White Norman Yurievna,Gamma Research,Reporter,02/01/2021
Murdock Oliver Petrovna,Wayne Enterprises,IT Specialist,11/01/2019
Carter Oliver Yakovlevna,Wayne Enterprises,Scientist,20/03/2017
Palpatine Bruce Sergeevna,Army,Soldier,28/06/2020
Zor-El Susan Viktorovna,S.H.I.E.L.D.,Journalist,01/11/2017
Romanoff Rey Veniaminovna,Army,Private Investigator,04/01/2017
Stark Barry Borisovna,Queen Industries,Lawyer,20/03/2019
Lane Carol Tatianaevna,Fantastic Four,CEO,19/06/2020
Allen David Sidorovna,Oscorp Industries,Scientist,09/02/2024
Carter Wanda Alexandrovna,Fantastic Four,CEO,26/02/2022
Murdock Dorothy Nikolaevna,SSR,Scientist,20/06/2018
Rogers Kara Leonidovna,League of Assassins,Private Investigator,02/08/2018
Murdock Wade Veniaminovna,Stark Industries,Spy,22/08/2022
Palpatine Walter Timofeyevna,CatCo Worldwide Media,CEO,01/10/2016
Todd Jessica Maryevna,SSR,Archer,13/11/2021
Jones Natasha Tatianaevna,Gamma Research,Lawyer,16/12/2019
Maximoff Clark Svetlanaevna,S.H.I.E.L.D.,Scientist,01/02/2019
Cho Kara Fedorovna,Oscorp Industries,Spy,05/04/2020
Palpatine Peter Vsevolodovna,Fantastic Four,Journalist,13/08/2017
Wayne Matt Valeryevna,Alias Investigations,Model,24/10/2016
Kent Rey Vladislavovna,Alias Investigations,Spy,30/01/2022
Cho Matt Yevgenievna,S.H.I.E.L.D.,IT Specialist,22/12/2022
Smoak Lois Olegovna,Alias Investigations,Journalist,12/08/2016
Romanoff Peter Leonidovna,CatCo Worldwide Media,CEO,18/09/2022
Bishop Dorothy Fedorovna,Army,IT Specialist,03/07/2020
Maximoff David Tatianaevna,Rand Enterprises,Model,20/03/2018
Smoak Jason Leonidovna,S.H.I.E.L.D.,Model,10/02/2017
Stark David Olegovna,NASA,Lawyer,03/06/2020
Queen David Nataliaevna,Wayne Enterprises,Agent,18/12/2017
Rogers Peggy Leonidovna,CatCo Worldwide Media,Air Force Pilot,13/05/2017
Palpatine David Borisovna,League of Assassins,CEO,24/05/2023
Jones Bruce Igorevna,Fantastic Four,Private Investigator,24/11/2018
Osborn Steve Elenaevna,Gamma Research,Journalist,01/09/2017
Gale Matt Maryevna,Alias Investigations,CEO,07/02/2024
Stark Matt Sidorovna,S.H.I.E.L.D.,Reporter,28/03/2021
Watson Jason Nikolaevna,Wayne Enterprises,Reporter,07/05/2021
Smoak Kate Vasilievna,S.H.I.E.L.D.,Archer,13/12/2021
Reilly Barry Sergeevna,Fantastic Four,Soldier,30/12/2017
Storm Peggy Yurievna,SSR,Air Force Pilot,11/02/2017
Wilson Norman Dariaevna,Stark Industries,Photographer,18/06/2023
Stark David Gennadievna,League of Assassins,CEO,06/07/2019
Parker Dorothy Svetlanaevna,Queen Industries,Photographer,01/01/2020
Maximoff Barry Sergeevna,Wayne Enterprises,Lawyer,16/11/2016
Smoak Lois Ivanovna,Oscorp Industries,Soldier,15/08/2019
Reilly Rey Svetlanaevna,CatCo Worldwide Media,Journalist,31/01/2021
Jones Dorothy Dariaevna,Gamma Research,CEO,14/04/2017
Zor-El Walter Yevgenievna,Rand Enterprises,Journalist,26/02/2019
Danvers Norman Vasilievna,Rand Enterprises,Scientist,11/11/2022
Wilson Norman Nikolaevna,League of Assassins,Model,23/06/2022
Bishop Barry Sidorovna,Wayne Enterprises,Archer,22/09/2021
White Mary Leonidovna,NASA,IT Specialist,20/03/2017
White Daniel Leonidovna,Central City Police Department,Soldier,04/12/2021
Allen Walter Mikhailovna,Queen Industries,Agent,10/09/2017
Osborn Natasha Katerinaevna,Stark Industries,Model,04/09/2021
Palpatine Steve Nikolayevna,Wayne Enterprises,Lawyer,10/12/2019
Gale Peter Dariaevna,Palmer Technologies,Model,14/12/2021
Palpatine Kara Gennadievna,Alias Investigations,CEO,10/09/2017
Danvers Felicity Yakovlevna,Wayne Enterprises,Archer,03/04/2020
Kent Kate Igorevna,CatCo Worldwide Media,Air Force Pilot,18/02/2024
Maximoff Norman Olegovna,Oscorp Industries,Lawyer,30/05/2020
Parker Walter Veniaminovna,CatCo Worldwide Media,Agent,24/05/2018
Osborn Norman Annaevna,Oscorp Industries,IT Specialist,30/10/2018
Queen Kate Sidorovna,Oscorp Industries,Air Force Pilot,12/07/2023
Stark Susan Nataliaevna,Queen Industries,Private Investigator,09/09/2019
Parker Ben Petrovna,NASA,Model,08/02/2022
Bishop Felicity Borisovna,League of Assassins,IT Specialist,25/03/2021
Wayne Steve Mikhailovna,League of Assassins,Air Force Pilot,31/07/2019
White Wade Svetlanaevna,Army,CEO,31/03/2021
Kent Carol Nikolayevna,Oscorp Industries,Archer,15/02/2019
Parker Rey Sidorovna,Queen Industries,Journalist,13/12/2016
Wilson Steve Olgaevna,Gamma Research,Model,30/11/2022
Lane David Leonidovna,Fantastic Four,Journalist,12/05/2017
Romanoff Carol Irinaevna,Alias Investigations,Archer,27/10/2022
Kent Tony Ivanovna,Alias Investigations,IT Specialist,17/06/2018
Watson David Fedorovna,Rand Enterprises,Journalist,30/07/2017
Wayne Steve Vladimirovna,NASA,Soldier,16/04/2018
Queen Grace Veniaminovna,NASA,Lawyer,07/08/2022
Romanoff Jason Valeryevna,Palmer Technologies,Spy,19/07/2018
Murdock David Vladimirovna,Palmer Technologies,Photographer,23/05/2020
Palpatine Clark Tatianaevna,Wayne Enterprises,CEO,28/03/2020
Jones Ben Tatianaevna,League of Assassins,Reporter,10/04/2019
Wayne Felicity Nikolaevna,Army,Air Force Pilot,16/06/2024
Todd Felicity Annaevna,Wayne Enterprises,Spy,01/03/2018
Wilson Jason Vladimirovna,Stark Industries,IT Specialist,01/04/2017
Jones Carol Irinaevna,Oscorp Industries,Lawyer,15/02/2021
Storm Steve Veniaminovna,SSR,Soldier,14/12/2023
Queen Jessica Yurievna,Queen Industries,Photographer,04/08/2022
Rand Grace Irinaevna,Queen Industries,IT Specialist,10/04/2024
Gale Dorothy Veniaminovna,Gamma Research,Lawyer,29/12/2018
Allen Wanda Sidorovna,Army,Journalist,26/04/2017
Palpatine Tony Nikolaevna,Fantastic Four,Scientist,22/07/2020
Jones Lois Vsevolodovna,S.H.I.E.L.D.,Model,27/08/2017
Rand Steve Yurievna,League of Assassins,Archer,25/08/2023
Rand Tony Yurievna,Queen Industries,Photographer,02/05/2023
Kent Peggy Gennadievna,Fantastic Four,Private Investigator,13/03/2022
Parker Mary Dmitrievna,Gamma Research,Journalist,25/01/2018
Jones Steve Vladislavovna,Fantastic Four,Model,10/02/2022
Smoak Dorothy Mikhailovna,League of Assassins,Lawyer,09/10/2017
Cho Carol Yurievna,Wayne Enterprises,Agent,07/08/2019
Queen Kate Igorevna,Palmer Technologies,Agent,10/08/2022
Zor-El Lois Ivanovna,Wayne Enterprises,Soldier,03/10/2020
Allen Jason Nataliaevna,SSR,Soldier,25/01/2023
Queen Jason Annaevna,Daily Planet,CEO,16/09/2020
Wilson Carol Irinaevna,S.H.I.E.L.D.,Private Investigator,28/09/2018
Rogers Peter Andreevna,Central City Police Department,Private Investigator,05/11/2018
Storm Dorothy Artemovna,Army,IT Specialist,10/07/2021
Watson Daniel Mikhailovna,Central City Police Department,Reporter,07/12/2017
Storm Kate Romanovna,Gamma Research,CEO,18/08/2017
Gale Kara Sidorovna,League of Assassins,Model,23/05/2018
Kent Matt Svetlanaevna,S.H.I.E.L.D.,Private Investigator,21/08/2018
Todd Felicity Vladimirovna,Alias Investigations,Spy,08/03/2021
Smoak Steve Sidorovna,S.H.I.E.L.D.,Scientist,28/09/2016
Allen Kate Leonidovna,Alias Investigations,Air Force Pilot,23/02/2020
Cain Susan Nikolaevna,Central City Police Department,Soldier,24/11/2022
Murdock Daniel Yakovlevna,Oscorp Industries,IT Specialist,09/08/2022
Cain Steve Dariaevna,Rand Enterprises,Soldier,18/09/2018
Kent Dorothy Artemovna,Oscorp Industries,Private Investigator,16/11/2018
Wilson Norman Svetlanaevna,CatCo Worldwide Media,Journalist,29/05/2017
